threshold,precision,recall,f1,f2,specificity,roc_auc,pr_auc,tn,fp,fn,tp,false_positive_count,false_negative_count,true_positive_count,true_negative_count,total_cost
0.01,0.001674156313331571,1.0,0.003342716396903589,0.008315098468271335,0.0,0.979179634877131,0.7703100188553035,0,45320,0,76,45320.0,0.0,76.0,0.0,45320.0
0.02,0.001674156313331571,1.0,0.003342716396903589,0.008315098468271335,0.0,0.979179634877131,0.7703100188553035,0,45320,0,76,45320.0,0.0,76.0,0.0,45320.0
0.03,0.001674156313331571,1.0,0.003342716396903589,0.008315098468271335,0.0,0.979179634877131,0.7703100188553035,0,45320,0,76,45320.0,0.0,76.0,0.0,45320.0
0.04,0.001674156313331571,1.0,0.003342716396903589,0.008315098468271335,0.0,0.979179634877131,0.7703100188553035,0,45320,0,76,45320.0,0.0,76.0,0.0,45320.0
0.05,0.001674156313331571,1.0,0.003342716396903589,0.008315098468271335,0.0,0.979179634877131,0.7703100188553035,0,45320,0,76,45320.0,0.0,76.0,0.0,45320.0
0.06,0.001674156313331571,1.0,0.003342716396903589,0.008315098468271335,0.0,0.979179634877131,0.7703100188553035,0,45320,0,76,45320.0,0.0,76.0,0.0,45320.0
0.07,0.001674156313331571,1.0,0.003342716396903589,0.008315098468271335,0.0,0.979179634877131,0.7703100188553035,0,45320,0,76,45320.0,0.0,76.0,0.0,45320.0
0.08,0.0016743038420867114,1.0,0.003343010468901205,0.008315826330532213,8.8261253309797e-05,0.979179634877131,0.7703100188553035,4,45316,0,76,45316.0,0.0,76.0,4.0,45316.0
0.09,0.001674562079982373,1.0,0.0033435252194188424,0.008317100396156624,0.00024271844660194174,0.979179634877131,0.7703100188553035,11,45309,0,76,45309.0,0.0,76.0,11.0,45309.0
0.1,0.0016750049588962598,1.0,0.003344408017778169,0.008319285417168377,0.0005075022065313328,0.979179634877131,0.7703100188553035,23,45297,0,76,45297.0,0.0,76.0,23.0,45297.0
0.11,0.0016756327718493694,1.0,0.0033456594470857547,0.008322382829610162,0.00088261253309797,0.979179634877131,0.7703100188553035,40,45280,0,76,45280.0,0.0,76.0,40.0,45280.0
0.12,0.0016765938671961173,1.0,0.003347575210324627,0.008327124512424946,0.0014563106796116505,0.979179634877131,0.7703100188553035,66,45254,0,76,45254.0,0.0,76.0,66.0,45254.0
0.13,0.0016774449864259387,1.0,0.0033492717537403874,0.008331323584223104,0.0019638128861429833,0.979179634877131,0.7703100188553035,89,45231,0,76,45231.0,0.0,76.0,89.0,45231.0
0.14,0.0016781487369722664,1.0,0.0033506745436910324,0.008334795578171609,0.002383053839364519,0.979179634877131,0.7703100188553035,108,45212,0,76,45212.0,0.0,76.0,108.0,45212.0
0.15,0.001679409554956468,1.0,0.0033531877343922346,0.008341015847930112,0.0031332744924977935,0.979179634877131,0.7703100188553035,142,45178,0,76,45178.0,0.0,76.0,142.0,45178.0
0.16,0.0016813043382076411,1.0,0.0033569645972746746,0.008350363680312918,0.004258605472197705,0.979179634877131,0.7703100188553035,193,45127,0,76,45127.0,0.0,76.0,193.0,45127.0
0.17,0.0016846211818947554,1.0,0.003363576012392122,0.008366726848386102,0.006222418358340688,0.979179634877131,0.7703100188553035,282,45038,0,76,45038.0,0.0,76.0,282.0,45038.0
0.18,0.0016894144845062907,1.0,0.003373130353734854,0.008390373150805918,0.009046778464254192,0.979179634877131,0.7703100188553035,410,44910,0,76,44910.0,0.0,76.0,410.0,44910.0
0.19,0.0016958607609059467,1.0,0.0033859793722572453,0.008422172477226889,0.012819947043248014,0.979179634877131,0.7703100188553035,581,44739,0,76,44739.0,0.0,76.0,581.0,44739.0
0.2,0.0017080570850657377,1.0,0.0034102892014987326,0.008482332194915065,0.019880847308031774,0.979179634877131,0.7703100188553035,901,44419,0,76,44419.0,0.0,76.0,901.0,44419.0
0.21,0.0017246856987246403,1.0,0.0034434325585610075,0.00856434527834122,0.0293468667255075,0.979179634877131,0.7703100188553035,1330,43990,0,76,43990.0,0.0,76.0,1330.0,43990.0
0.22,0.00174909668362063,1.0,0.0034920853722976543,0.008684721746086161,0.04291703442188879,0.979179634877131,0.7703100188553035,1945,43375,0,76,43375.0,0.0,76.0,1945.0,43375.0
0.23,0.0017785682525566918,1.0,0.003550821127385708,0.008830022075055188,0.05880406001765225,0.979179634877131,0.7703100188553035,2665,42655,0,76,42655.0,0.0,76.0,2665.0,42655.0
0.24,0.0018229354057230577,1.0,0.0036392367179830967,0.009048696273365877,0.08175198587819947,0.979179634877131,0.7703100188553035,3705,41615,0,76,41615.0,0.0,76.0,3705.0,41615.0
0.25,0.001890923566878981,1.0,0.0037747094467070626,0.009383642828921375,0.11482789055604589,0.979179634877131,0.7703100188553035,5204,40116,0,76,40116.0,0.0,76.0,5204.0,40116.0
0.26,0.001992188523945582,1.0,0.003976455199476783,0.009882193847034041,0.15990732568402471,0.979179634877131,0.7703100188553035,7247,38073,0,76,38073.0,0.0,76.0,7247.0,38073.0
0.27,0.002141810393416751,1.0,0.0042744656917885265,0.010618084274058344,0.21871138570167697,0.979179634877131,0.7703100188553035,9912,35408,0,76,35408.0,0.0,76.0,9912.0,35408.0
0.28,0.0023361613180868067,1.0,0.004661432777232581,0.011572664149104642,0.28384819064430716,0.979179634877131,0.7703100188553035,12864,32456,0,76,32456.0,0.0,76.0,12864.0,32456.0
0.29,0.0025472947729511257,0.9868421052631579,0.005081472949625665,0.012606313241671429,0.3519858781994704,0.979179634877131,0.7703100188553035,15952,29368,1,75,29368.0,1.0,75.0,15952.0,29393.0
0.3,0.002828480917182079,0.9868421052631579,0.005640794223826715,0.013982102908277404,0.4165710503089144,0.979179634877131,0.7703100188553035,18879,26441,1,75,26441.0,1.0,75.0,18879.0,26466.0
0.31,0.003131524008350731,0.9868421052631579,0.006243236493798385,0.015461367197163355,0.4731906443071492,0.979179634877131,0.7703100188553035,21445,23875,1,75,23875.0,1.0,75.0,21445.0,23900.0
0.32,0.0035123870182175807,0.9868421052631579,0.006999860002799944,0.017315417647873668,0.5304942630185349,0.979179634877131,0.7703100188553035,24042,21278,1,75,21278.0,1.0,75.0,24042.0,21303.0
0.33,0.003947368421052632,0.9868421052631579,0.007863283707276158,0.019426025694156652,0.5824139452780229,0.979179634877131,0.7703100188553035,26395,18925,1,75,18925.0,1.0,75.0,26395.0,18950.0
0.34,0.004477344636141126,0.9868421052631579,0.008914244963451596,0.02198768689533861,0.6320388349514563,0.979179634877131,0.7703100188553035,28644,16676,1,75,16676.0,1.0,75.0,28644.0,16701.0
0.35,0.005093724531377343,0.9868421052631579,0.010135135135135136,0.024953420282140006,0.676765225066196,0.979179634877131,0.7703100188553035,30671,14649,1,75,14649.0,1.0,75.0,30671.0,14674.0
0.36,0.005831130461825532,0.9868421052631579,0.01159375483073118,0.02848245480783837,0.7178508384819065,0.979179634877131,0.7703100188553035,32533,12787,1,75,12787.0,1.0,75.0,32533.0,12812.0
0.37,0.006484277846864452,0.9605263157894737,0.012881595200282337,0.0315689327106037,0.7531994704324801,0.979179634877131,0.7703100188553035,34135,11185,3,73,11185.0,3.0,73.0,34135.0,11260.0
0.38,0.007398398702746529,0.9605263157894737,0.014683697073317912,0.03588634352571035,0.7838923212709621,0.979179634877131,0.7703100188553035,35526,9794,3,73,9794.0,3.0,73.0,35526.0,9869.0
0.39,0.008430534703776417,0.9605263157894737,0.01671436748712078,0.04072297221912306,0.8105472197705207,0.979179634877131,0.7703100188553035,36734,8586,3,73,8586.0,3.0,73.0,36734.0,8661.0
0.4,0.009325216940810776,0.9473684210526315,0.01846864178530204,0.044859813084112146,0.8312224183583407,0.979179634877131,0.7703100188553035,37671,7649,4,72,7649.0,4.0,72.0,37671.0,7749.0
0.41,0.010477299185098952,0.9473684210526315,0.02072538860103627,0.05016722408026756,0.8499558693733451,0.979179634877131,0.7703100188553035,38520,6800,4,72,6800.0,4.0,72.0,38520.0,6900.0
0.42,0.011711125569290826,0.9473684210526315,0.02313624678663239,0.05579665220086795,0.8659311562224183,0.979179634877131,0.7703100188553035,39244,6076,4,72,6076.0,4.0,72.0,39244.0,6176.0
0.43,0.013174748398902104,0.9473684210526315,0.02598808879263671,0.062402496099843996,0.8810017652250662,0.979179634877131,0.7703100188553035,39927,5393,4,72,5393.0,4.0,72.0,39927.0,5493.0
0.44,0.01496881496881497,0.9473684210526315,0.029471960704052395,0.07039499413375049,0.8954545454545455,0.979179634877131,0.7703100188553035,40582,4738,4,72,4738.0,4.0,72.0,40582.0,4838.0
0.45,0.016881594372801876,0.9473684210526315,0.0331720801658604,0.07879185817465528,0.9074801412180052,0.979179634877131,0.7703100188553035,41127,4193,4,72,4193.0,4.0,72.0,41127.0,4293.0
0.46,0.01920512136569752,0.9473684210526315,0.03764705882352941,0.08882309400444116,0.9188658428949691,0.979179634877131,0.7703100188553035,41643,3677,4,72,3677.0,4.0,72.0,41643.0,3777.0
0.47,0.021667168221486607,0.9473684210526315,0.04236540158870256,0.09925558312655088,0.9282656663724624,0.979179634877131,0.7703100188553035,42069,3251,4,72,3251.0,4.0,72.0,42069.0,3351.0
0.48,0.02449812861517523,0.9473684210526315,0.04776119402985075,0.11100832562442182,0.936738746690203,0.979179634877131,0.7703100188553035,42453,2867,4,72,2867.0,4.0,72.0,42453.0,2967.0
0.49,0.026455026455026454,0.9210526315789473,0.05143277002204261,0.11864406779661017,0.9431597528684907,0.979179634877131,0.7703100188553035,42744,2576,6,70,2576.0,6.0,70.0,42744.0,2726.0
0.5,0.029723991507430998,0.9210526315789473,0.057589469354175235,0.1316284317412561,0.9495807590467784,0.979179634877131,0.7703100188553035,43035,2285,6,70,2285.0,6.0,70.0,43035.0,2435.0
0.51,0.033444816053511704,0.9210526315789473,0.06454587367450439,0.14601585314977056,0.9553618711385702,0.979179634877131,0.7703100188553035,43297,2023,6,70,2023.0,6.0,70.0,43297.0,2173.0
0.52,0.03641160949868074,0.9078947368421053,0.0700152207001522,0.15688949522510232,0.9597087378640776,0.979179634877131,0.7703100188553035,43494,1826,7,69,1826.0,7.0,69.0,43494.0,2001.0
0.53,0.04107142857142857,0.9078947368421053,0.0785876993166287,0.17389112903225806,0.9644527802294792,0.979179634877131,0.7703100188553035,43709,1611,7,69,1611.0,7.0,69.0,43709.0,1786.0
0.54,0.04471808165910564,0.9078947368421053,0.0852378011117974,0.18678938819707633,0.9674757281553398,0.979179634877131,0.7703100188553035,43846,1474,7,69,1474.0,7.0,69.0,43846.0,1649.0
0.55,0.048625792811839326,0.9078947368421053,0.09230769230769231,0.20023215322112595,0.9702118270079435,0.979179634877131,0.7703100188553035,43970,1350,7,69,1350.0,7.0,69.0,43970.0,1525.0
0.56,0.05227272727272727,0.9078947368421053,0.0988538681948424,0.2124384236453202,0.972396293027361,0.979179634877131,0.7703100188553035,44069,1251,7,69,1251.0,7.0,69.0,44069.0,1426.0
0.57,0.054838709677419356,0.8947368421052632,0.1033434650455927,0.22020725388601037,0.9741394527802295,0.979179634877131,0.7703100188553035,44148,1172,8,68,1172.0,8.0,68.0,44148.0,1372.0
0.58,0.058169375534645,0.8947368421052632,0.10923694779116466,0.2308214528173795,0.9757060900264783,0.979179634877131,0.7703100188553035,44219,1101,8,68,1101.0,8.0,68.0,44219.0,1301.0
0.59,0.06142728093947606,0.8947368421052632,0.11496196111580727,0.24096385542168675,0.9770741394527802,0.979179634877131,0.7703100188553035,44281,1039,8,68,1039.0,8.0,68.0,44281.0,1239.0
0.6,0.06415094339622641,0.8947368421052632,0.11971830985915492,0.24926686217008798,0.9781112091791704,0.979179634877131,0.7703100188553035,44328,992,8,68,992.0,8.0,68.0,44328.0,1192.0
0.61,0.06719367588932806,0.8947368421052632,0.125,0.25835866261398177,0.9791703442188879,0.979179634877131,0.7703100188553035,44376,944,8,68,944.0,8.0,68.0,44376.0,1144.0
0.62,0.07053941908713693,0.8947368421052632,0.13076923076923078,0.26813880126182965,0.9802294792586055,0.979179634877131,0.7703100188553035,44424,896,8,68,896.0,8.0,68.0,44424.0,1096.0
0.63,0.07589285714285714,0.8947368421052632,0.13991769547325103,0.2833333333333333,0.9817299205648721,0.979179634877131,0.7703100188553035,44492,828,8,68,828.0,8.0,68.0,44492.0,1028.0
0.64,0.08426270136307311,0.8947368421052632,0.15402038505096263,0.30603060306030605,0.983693733451015,0.979179634877131,0.7703100188553035,44581,739,8,68,739.0,8.0,68.0,44581.0,939.0
0.65,0.09201623815967523,0.8947368421052632,0.1668711656441718,0.3259827420901246,0.9851941747572815,0.979179634877131,0.7703100188553035,44649,671,8,68,671.0,8.0,68.0,44649.0,871.0
0.66,0.09855072463768116,0.8947368421052632,0.17754569190600522,0.3420523138832998,0.9862753751103266,0.979179634877131,0.7703100188553035,44698,622,8,68,622.0,8.0,68.0,44698.0,822.0
0.67,0.10526315789473684,0.8947368421052632,0.1883656509695291,0.35789473684210527,0.9872462488967343,0.979179634877131,0.7703100188553035,44742,578,8,68,578.0,8.0,68.0,44742.0,778.0
0.68,0.1118421052631579,0.8947368421052632,0.19883040935672514,0.37280701754385964,0.9880847308031774,0.979179634877131,0.7703100188553035,44780,540,8,68,540.0,8.0,68.0,44780.0,740.0
0.69,0.11867364746945899,0.8947368421052632,0.20955315870570107,0.38768529076396807,0.9888570167696381,0.979179634877131,0.7703100188553035,44815,505,8,68,505.0,8.0,68.0,44815.0,705.0
0.7,0.1266294227188082,0.8947368421052632,0.22185970636215335,0.4042806183115339,0.9896513680494263,0.979179634877131,0.7703100188553035,44851,469,8,68,469.0,8.0,68.0,44851.0,669.0
0.71,0.13709677419354838,0.8947368421052632,0.23776223776223776,0.425,0.9905560458958517,0.979179634877131,0.7703100188553035,44892,428,8,68,428.0,8.0,68.0,44892.0,628.0
0.72,0.1452991452991453,0.8947368421052632,0.25,0.44041450777202074,0.9911738746690203,0.979179634877131,0.7703100188553035,44920,400,8,68,400.0,8.0,68.0,44920.0,600.0
0.73,0.15227272727272728,0.881578947368421,0.2596899224806202,0.45026881720430106,0.9917696381288614,0.979179634877131,0.7703100188553035,44947,373,9,67,373.0,9.0,67.0,44947.0,598.0
0.74,0.16834170854271358,0.881578947368421,0.28270042194092826,0.4772079772079772,0.9926963812886143,0.979179634877131,0.7703100188553035,44989,331,9,67,331.0,9.0,67.0,44989.0,556.0
0.75,0.1876750700280112,0.881578947368421,0.3094688221709007,0.5068078668683812,0.9936010591350397,0.979179634877131,0.7703100188553035,45030,290,9,67,290.0,9.0,67.0,45030.0,515.0
0.76,0.21543408360128619,0.881578947368421,0.3462532299741602,0.5447154471544715,0.9946160635481024,0.979179634877131,0.7703100188553035,45076,244,9,67,244.0,9.0,67.0,45076.0,469.0
0.77,0.25769230769230766,0.881578947368421,0.39880952380952384,0.5939716312056738,0.9957413945278023,0.979179634877131,0.7703100188553035,45127,193,9,67,193.0,9.0,67.0,45127.0,418.0
0.78,0.3101851851851852,0.881578947368421,0.4589041095890411,0.6442307692307693,0.9967122683142101,0.979179634877131,0.7703100188553035,45171,149,9,67,149.0,9.0,67.0,45171.0,374.0
0.79,0.3489583333333333,0.881578947368421,0.5,0.6754032258064516,0.9972418358340689,0.979179634877131,0.7703100188553035,45195,125,9,67,125.0,9.0,67.0,45195.0,350.0
0.8,0.39285714285714285,0.868421052631579,0.5409836065573771,0.6991525423728814,0.9977493380406002,0.979179634877131,0.7703100188553035,45218,102,10,66,102.0,10.0,66.0,45218.0,352.0
0.81,0.4125,0.868421052631579,0.559322033898305,0.7112068965517241,0.9979258605472198,0.979179634877131,0.7703100188553035,45226,94,10,66,94.0,10.0,66.0,45226.0,344.0
0.82,0.4520547945205479,0.868421052631579,0.5945945945945946,0.7333333333333333,0.9982347749338041,0.979179634877131,0.7703100188553035,45240,80,10,66,80.0,10.0,66.0,45240.0,330.0
0.83,0.4852941176470588,0.868421052631579,0.6226415094339622,0.75,0.9984554280670785,0.979179634877131,0.7703100188553035,45250,70,10,66,70.0,10.0,66.0,45250.0,320.0
0.84,0.4925373134328358,0.868421052631579,0.6285714285714286,0.7534246575342466,0.9984995586937334,0.979179634877131,0.7703100188553035,45252,68,10,66,68.0,10.0,66.0,45252.0,318.0
0.85,0.5038167938931297,0.868421052631579,0.6376811594202898,0.7586206896551724,0.9985657546337158,0.979179634877131,0.7703100188553035,45255,65,10,66,65.0,10.0,66.0,45255.0,315.0
0.86,0.5238095238095238,0.868421052631579,0.6534653465346535,0.7674418604651163,0.998676081200353,0.979179634877131,0.7703100188553035,45260,60,10,66,60.0,10.0,66.0,45260.0,310.0
0.87,0.5409836065573771,0.868421052631579,0.6666666666666666,0.7746478873239436,0.9987643424536629,0.979179634877131,0.7703100188553035,45264,56,10,66,56.0,10.0,66.0,45264.0,306.0
0.88,0.5641025641025641,0.868421052631579,0.6839378238341969,0.7838479809976246,0.9988746690203001,0.979179634877131,0.7703100188553035,45269,51,10,66,51.0,10.0,66.0,45269.0,301.0
0.89,0.6,0.868421052631579,0.7096774193548387,0.7971014492753623,0.9990291262135922,0.979179634877131,0.7703100188553035,45276,44,10,66,44.0,10.0,66.0,45276.0,294.0
0.9,0.6346153846153846,0.868421052631579,0.7333333333333333,0.8088235294117647,0.9991615180935569,0.979179634877131,0.7703100188553035,45282,38,10,66,38.0,10.0,66.0,45282.0,288.0
0.91,0.6842105263157895,0.8552631578947368,0.7602339181286549,0.8145363408521303,0.9993380406001765,0.979179634877131,0.7703100188553035,45290,30,11,65,30.0,11.0,65.0,45290.0,305.0
0.92,0.7471264367816092,0.8552631578947368,0.7975460122699386,0.8312020460358056,0.9995145631067961,0.979179634877131,0.7703100188553035,45298,22,11,65,22.0,11.0,65.0,45298.0,297.0
0.93,0.75,0.8289473684210527,0.7875,0.8118556701030928,0.9995366284201236,0.979179634877131,0.7703100188553035,45299,21,13,63,21.0,13.0,63.0,45299.0,346.0
0.94,0.7590361445783133,0.8289473684210527,0.7924528301886793,0.813953488372093,0.999558693733451,0.979179634877131,0.7703100188553035,45300,20,13,63,20.0,13.0,63.0,45300.0,345.0
0.95,0.7530864197530864,0.8026315789473685,0.7770700636942676,0.7922077922077922,0.999558693733451,0.979179634877131,0.7703100188553035,45300,20,15,61,20.0,15.0,61.0,45300.0,395.0
0.96,0.76,0.75,0.7549668874172185,0.7519788918205804,0.999602824360106,0.979179634877131,0.7703100188553035,45302,18,19,57,18.0,19.0,57.0,45302.0,493.0
0.97,0.7638888888888888,0.7236842105263158,0.7432432432432432,0.7313829787234043,0.9996248896734333,0.979179634877131,0.7703100188553035,45303,17,21,55,17.0,21.0,55.0,45303.0,542.0
0.98,0.8793103448275862,0.6710526315789473,0.7611940298507462,0.7044198895027625,0.9998455428067079,0.979179634877131,0.7703100188553035,45313,7,25,51,7.0,25.0,51.0,45313.0,632.0
0.99,0.8653846153846154,0.5921052631578947,0.703125,0.6320224719101124,0.9998455428067079,0.979179634877131,0.7703100188553035,45313,7,31,45,7.0,31.0,45.0,45313.0,782.0
